{"episode_lengths": [58, 68, 58, 92, 72, 44, 60, 105, 69, 57, 99, 84, 69, 93, 64, 101, 55, 78, 42, 54, 118, 51, 79, 318, 48, 225, 83, 78, 166, 69, 64, 123, 330, 64, 83, 87, 62, 45, 60, 74, 99, 76, 102, 85, 116, 81, 55, 52, 235, 44, 88, 73, 252, 141, 102, 71, 250, 58, 250, 267, 149, 78, 152, 181, 198, 50, 53, 74, 103, 100, 74, 63, 77, 75, 47, 235, 55, 45, 74, 96, 79, 70, 110, 538, 73, 313, 116, 63, 76, 137, 116, 103, 109, 102, 177, 103, 102, 174, 122, 104, 103, 41, 41, 41, 41, 41, 104, 103, 102, 174, 104, 103, 104, 102, 103, 104, 103, 126, 104, 103, 103, 102, 103, 174, 104, 147, 104, 104, 177, 102, 102, 176, 102, 103, 123, 102, 121, 103, 122, 102, 102, 41, 41, 41, 41, 41, 41, 103, 102, 103, 103, 102, 103, 124, 176, 145, 175, 155, 177, 103, 103, 103, 104, 104, 102, 123, 121, 104, 102, 148, 104, 103, 103, 174, 102, 108, 103, 137, 176, 104, 145, 41, 41], "timestamps": [1547220330.9493258, 1547220333.3679836, 1547220333.4647307, 1547220333.4975731, 1547220333.5223522, 1547220333.540588, 1547220333.5627573, 1547220333.5983772, 1547220335.9211779, 1547220336.0199199, 1547220336.0540297, 1547220336.0819676, 1547220336.1072793, 1547220336.1390312, 1547220336.1620727, 1547220336.196189, 1547220336.217385, 1547220336.2444446, 1547220336.2614663, 1547220336.281673, 1547220336.4479916, 1547220336.5945683, 1547220336.6218364, 1547220336.7192502, 1547220336.7372255, 1547220344.460789, 1547220344.5653145, 1547220344.5986958, 1547220344.6676412, 1547220344.6914306, 1547220344.7145734, 1547220344.7550054, 1547220344.883186, 1547220344.907844, 1547220344.937171, 1547220344.9664862, 1547220345.1183002, 1547220345.1368594, 1547220345.1598399, 1547220345.1862063, 1547220345.2186334, 1547220345.2460313, 1547220345.2814662, 1547220345.3119888, 1547220345.3498938, 1547220345.3778155, 1547220345.5228794, 1547220345.542174, 1547220345.62, 1547220345.6373568, 1547220345.6675398, 1547220345.6926794, 1547220345.7721596, 1547220345.8188405, 1547220345.85237, 1547220346.0039997, 1547220346.0845752, 1547220346.1068764, 1547220346.1862538, 1547220355.3379605, 1547220355.4959986, 1547220355.5333219, 1547220355.6054428, 1547220355.6824856, 1547220355.762645, 1547220355.7929273, 1547220355.8159442, 1547220355.8447976, 1547220355.8921347, 1547220355.9288728, 1547220355.9563682, 1547220355.9793386, 1547220356.0080698, 1547220356.0450387, 1547220356.0649111, 1547220356.143854, 1547220356.165103, 1547220358.3018534, 1547220358.7516878, 1547220359.3362253, 1547220359.815804, 1547220360.24722, 1547220360.9131339, 1547220389.2215157, 1547220389.6809866, 1547220391.661694, 1547220392.4323955, 1547220392.8506165, 1547220393.4121952, 1547220394.273023, 1547220394.8794227, 1547220394.914889, 1547220394.9504197, 1547220394.9841292, 1547220395.0352104, 1547220395.0695908, 1547220395.1034658, 1547220395.1564932, 1547220395.2071645, 1547220395.252775, 1547220395.2886972, 1547220395.3045402, 1547220395.320081, 1547220395.3355117, 1547220395.3511622, 1547220395.3665736, 1547220395.4009311, 1547220395.4352324, 1547220395.4841392, 1547220395.568714, 1547220395.6203828, 1547220395.6796825, 1547220395.735189, 1547220395.7909787, 1547220395.8269823, 1547220395.864913, 1547220395.9056778, 1547220395.9461899, 1547220395.980943, 1547220396.0153208, 1547220396.0498497, 1547220396.0841913, 1547220396.118172, 1547220396.168727, 1547220396.2030187, 1547220396.247674, 1547220396.2822351, 1547220396.316995, 1547220396.3781216, 1547220396.4211483, 1547220396.4645426, 1547220396.5280511, 1547220396.5654871, 1547220396.6032007, 1547220396.6422567, 1547220396.6764312, 1547220396.7147377, 1547220396.748963, 1547220396.787827, 1547220396.821736, 1547220396.8558164, 1547220396.8716109, 1547220396.887277, 1547220396.9027655, 1547220396.9181736, 1547220396.9336143, 1547220396.9498985, 1547220396.9854343, 1547220397.0196154, 1547220397.0540874, 1547220397.089171, 1547220397.1236188, 1547220397.162388, 1547220397.2076395, 1547220397.2583466, 1547220397.3180296, 1547220403.3105648, 1547220403.43029, 1547220403.4806166, 1547220403.515121, 1547220403.5492258, 1547220403.5833325, 1547220403.617417, 1547220403.6519432, 1547220403.6860898, 1547220403.7251792, 1547220403.763399, 1547220403.797778, 1547220403.8315217, 1547220403.8763185, 1547220403.910793, 1547220403.9450345, 1547220403.9791477, 1547220404.0286663, 1547220404.0626225, 1547220404.0981653, 1547220404.1326733, 1547220404.1753325, 1547220404.2260659, 1547220404.2611475, 1547220404.305695, 1547220404.3214955, 1547220404.337128],