AverageQLoss,MaxEsReturn,AverageY,AveragePolicySurr,AverageAbsQYDiff,MinEsReturn,MaxReturn,AverageEsReturn,Epoch,AverageQ,AverageAbsY,AverageDiscountedReturn,AverageAbsQ,MinReturn,PolicyRegParamNorm,QFunRegParamNorm,AverageReturn,StdEsReturn,AverageAction,StdReturn
0.349146763755,-419.490829565,-0.517646075823,0.45497785897,0.195824722719,-717.462686991,-1.29277408638,-538.380189702,0,-0.51024265094,0.527262633143,-137.767603342,0.513143468762,-439.045396453,11.698104584,14.3216288406,-225.709388939,109.657311176,0.2513136081,82.1967779898
