{"episode_types": ["t", "t", "t", "t", "t", "t", "t", "t", "t", "t", "t", "t", "t", "t", "t", "t", "t", "t", "t", "t", "t", "t", "t"], "initial_reset_timestamp": 1547312259.6496103, "episode_rewards": [88.10000000000004, 75.79999999999993], "episode_lengths": [119, 242], "timestamps": [1547312319.565326, 1547312321.0362542]}