{"episode_lengths": [103, 114, 74, 67, 74, 53, 81, 77, 67, 71, 56, 93, 62, 79, 84, 65, 88, 73, 60, 66, 52, 97, 55, 69, 53, 65, 56, 82, 62, 59, 64, 91, 58, 80, 83, 62, 75, 80, 80, 84, 95, 59, 68, 80, 59, 70, 71, 88, 53, 56, 76, 72, 57, 86, 84, 55, 64, 70, 62, 91, 89, 69, 58, 80, 54, 91, 71, 80, 74, 72, 60, 53, 79, 64, 59, 82, 93, 78, 71, 53, 66, 66, 82, 89, 56, 56, 59, 69, 51, 70, 64, 64, 63, 51, 80, 59, 78, 62, 53, 51, 80, 53, 75, 70, 52, 62, 61, 87, 63, 59, 68, 66, 54, 89, 87, 59, 60, 84, 71, 90, 75, 89, 54, 89, 78, 54, 88, 78, 67, 55, 52, 58, 61, 82, 85, 74, 75, 61, 61, 89, 69, 79, 78, 57, 63, 68, 57], "timestamps": [1547391392.5176723, 1547391396.38651, 1547391396.488735, 1547391396.5174994, 1547391396.5262117, 1547391396.5326378, 1547391396.541992, 1547391399.0885162, 1547391399.1512136, 1547391399.1595864, 1547391399.1662602, 1547391399.1769035, 1547391399.1841433, 1547391399.1930866, 1547391399.2026312, 1547391399.2099793, 1547391399.2198772, 1547391399.2284164, 1547391399.2353754, 1547391399.2429433, 1547391399.2489266, 1547391399.2599359, 1547391399.2664967, 1547391399.2742789, 1547391399.280427, 1547391399.2877846, 1547391401.141296, 1547391401.2130287, 1547391401.2205403, 1547391401.2274246, 1547391401.2350574, 1547391401.245657, 1547391401.2525291, 1547391401.2617905, 1547391401.271277, 1547391401.2786508, 1547391401.2876613, 1547391401.2968132, 1547391401.3059509, 1547391401.3154485, 1547391401.326144, 1547391401.3330312, 1547391401.340763, 1547391401.3499773, 1547391401.356727, 1547391401.3647485, 1547391401.3728356, 1547391401.3828835, 1547391401.388958, 1547391401.3956022, 1547391401.4042468, 1547391401.4126701, 1547391401.4193618, 1547391401.4291742, 1547391401.4388657, 1547391401.4454005, 1547391401.4528203, 1547391401.4613757, 1547391401.4685462, 1547391401.4787192, 1547391401.4888744, 1547391401.4973028, 1547391401.5041254, 1547391404.1593513, 1547391404.2220004, 1547391404.2324877, 1547391404.2407057, 1547391404.249779, 1547391404.2580836, 1547391404.2663689, 1547391404.273143, 1547391404.27923, 1547391404.2882352, 1547391404.295823, 1547391404.302755, 1547391404.311808, 1547391404.3222506, 1547391404.3309681, 1547391404.338942, 1547391404.3451948, 1547391404.3526006, 1547391404.3600438, 1547391404.3693655, 1547391404.379455, 1547391404.3859391, 1547391404.3923318, 1547391404.399233, 1547391404.406935, 1547391404.412953, 1547391404.4208362, 1547391404.4280753, 1547391404.4353166, 1547391404.4424672, 1547391404.4484892, 1547391404.4574094, 1547391404.464257, 1547391404.4728987, 1547391404.4801095, 1547391404.4863014, 1547391404.4923255, 1547391404.5014012, 1547391404.5078769, 1547391404.5169528, 1547391404.525386, 1547391404.5318456, 1547391404.5390851, 1547391404.546353, 1547391404.5574248, 1547391404.5650978, 1547391404.5721686, 1547391404.5801284, 1547391404.587885, 1547391404.5943563, 1547391404.604329, 1547391404.6142738, 1547391404.6210253, 1547391404.6280365, 1547391404.637331, 1547391404.645423, 1547391404.6554341, 1547391404.6638827, 1547391404.673804, 1547391404.6802406, 1547391404.690239, 1547391407.2831898, 1547391407.3680065, 1547391407.3784888, 1547391407.387779, 1547391407.3957255, 1547391407.4021595, 1547391407.4082558, 1547391407.4152815, 1547391407.4223688, 1547391407.4317772, 1547391407.441225, 1547391407.4500115, 1547391407.4585319, 1547391407.4657538, 1547391407.472777, 1547391407.4831252, 1547391407.490965, 1547391407.500016, 1547391407.5089898, 1547391407.5159135, 1547391407.5231779, 1547391407.5310543, 1547391407.537694], "episode_rewards": [-402.51914121699286, -202.2950728363993, -472.52250696117187, -186.65977849397999, -171.92905573873338, -168.6114480911848, -180.97250282979257, -196.69355155126846, -185.1029112620275, -183.96331878826612, -137.4597318455985, -210.60275600511204, -204.3530657425911, -207.4274135381829, -141.8184037059337, -205.270599300627, -239.5334715098196, -231.05428120282642, -196.48638447879136, -204.21554447643177, -157.0831934533842, -346.9483907593691, -157.43915437023892, -172.44921600227795, -163.1674566841711, -210.89496838793693, -201.49511657943629, -222.7682648810772, -201.92782281805384, -198.22804072986887, -200.1608191511215, -209.0314197918559, -193.70540892713228, -214.48940164113145, -225.70261561659015, -151.50631993565827, -48.282093489496845, -208.8522585785238, -163.81178556591792, -228.73657534927656, -167.97628577436606, -187.1326267497373, -185.91002455622416, -241.62503456602943, -149.79598779455114, -188.38762384293932, -199.309546186665, -203.02882273222755, -159.25460189168598, -69.61550074297077, -162.8514363666838, -197.48099614653, -137.6699438602822, -191.45716934465366, -161.46880501845823, -139.06230281931914, -199.17213830351452, -204.27646160731015, -163.35694915637873, -201.76041027662407, -246.27078366267438, -181.64353026778417, -180.1537491704572, -175.90027071617382, -145.2735910742124, -134.34298380633874, -190.53084710620456, -151.7270598507186, -185.48206963398562, -212.20290794790628, -199.179762239813, -164.26672661320993, -80.85946665934782, -162.100506319224, -149.40556072362835, -217.12864148458317, -36.539336917549434, -153.90641919993024, -201.69795113896652, -156.81120943626695, -225.37089706579735, -209.47412522323376, -193.88185973321475, -71.65528529709024, -171.16327540291076, -154.63382149049426, -198.5433754464971, -201.4730266698538, -154.11824698315638, -172.68810132025504, -199.24798911867495, -214.29939612906185, -197.9694115046466, -150.92522241255597, -175.97214883127663, -199.21791428355792, -170.85524543803984, -156.16055255784892, -161.304186766654, -128.50583661909766, -171.74511515826597, -188.62375188548435, -183.64262201102025, -228.8691619447626, -154.82103019802753, -178.3355000739138, -152.52703270558985, -228.31668788188642, -216.35079466627565, -202.6911574587312, -171.6432442775628, -160.36511443004576, -168.97028153828907, -205.86919465718952, -214.77688511401783, -143.0513371165108, -150.3456016050626, -248.02072940668768, -82.78408672511733, -165.3250215051571, -200.0930660784177, -140.45774591254425, -154.24708765548448, -179.19149537134382, -156.58637672333208, -152.83396163811815, -76.95969666384974, -194.12816392454457, -185.01465605113418, -140.03249228627192, -153.16631838271033, -179.4183418367733, -191.50318511206814, -218.46551425593822, -163.5974858730293, -240.5699421423423, -193.54130314872694, -169.5752100832665, -154.42417541845583, -198.70446786214103, -196.9617537139619, -157.5891597719304, -183.57586330483375, -131.13906578732755, -160.41004599614092, -192.8764085108063, -170.09143726268158], "initial_reset_timestamp": 1547391388.7025056, "episode_types": ["t", "t", "t", "t", "t", "t", "t", "t", "t", "t", "t", "t", "t", "t", "t", "t", "t", "t", "t", "t", "t", "t", "t", "t", "t", "t", "t", "t", "t", "t", "t", "t", "t", "t", "t", "t", "t", "t", "t", "t", "t", "t", "t", "t", "t", "t", "t", "t", "t", "t", "t", "t", "t", "t", "t", "t", "t", "t", "t", "t", "t", "t", "t", "t", "t", "t", "t", "t", "t", "t", "t", "t", "t", "t", "t", "t", "t", "t", "t", "t", "t", "t", "t", "t", "t", "t", "t", "t", "t", "t", "t", "t", "t", "t", "t", "t", "t", "t", "t", "t", "t", "t", "t", "t", "t", "t", "t", "t", "t", "t", "t", "t", "t", "t", "t", "t", "t", "t", "t", "t", "t", "t", "t", "t", "t", "t", "t", "t", "t", "t", "t", "t", "t", "t", "t", "t", "t", "t", "t", "t", "t", "t", "t", "t", "t", "t", "t", "t"]}